feature,importance
academic_performance,0.6421955049978163
wellbeing,0.06776824877138822
social_activity,0.06399461177595865
parent_background,0.061982864178227313
environment,0.05604381434600846
study_motivation,0.0485992067723361
family_influence,0.033534211061899744
academic_struggles,0.02588153809636525
